instance,|R|,|T|,method,config,variables,clauses,timeout,status,objective,time,up,conflicts,gap
burma14,7,2,maxsat,AN,19741.0,108601.0,No,Optimal,3291,19.96,94339274,1868959,0.00%
burma14,7,2,maxsat,BDD,66750.0,200850.0,No,Optimal,3291,81.98,603032717,7445039,0.00%
burma14,7,2,maxsat,BM,80918.0,183758.0,No,Optimal,3291,20.80,163859533,2407124,0.00%
burma14,7,2,mip,MIP,,,No,Optimal,3291,12.40,,,0.00%
burma14,7,2,maxsat,SN,139333.0,228706.0,No,Optimal,3291,92.40,600501358,6731991,0.00%
burma14,7,2,maxsat,SWC,98793.0,380199.0,No,Optimal,3291,10.66*,90677878,1096624,0.00%
burma14,10,2,maxsat,AN,10419.0,93257.0,No,Optimal,4495,827.24,1521340207,42385084,0.00%
burma14,10,2,maxsat,BDD,71023.0,213703.0,No,Optimal,4495,198.16,1314717239,14548036,0.00%
burma14,10,2,maxsat,BM,88166.0,189141.0,No,Optimal,4495,62.39,419686726,5540554,0.00%
burma14,10,2,mip,MIP,,,No,Optimal,4495,134.58,,,0.00%
burma14,10,2,maxsat,SN,171670.0,260625.0,No,Optimal,4495,531.99,2744555258,19296164,0.00%
burma14,10,2,maxsat,SWC,110327.0,436711.0,No,Optimal,4495,16.29*,146136102,1589861,0.00%
burma14,13,3,maxsat,AN,14534.0,129013.0,Yes,Feasible,5864,13.16,4775379533,132651727,5.71%
burma14,13,3,maxsat,BDD,92829.0,279702.0,No,Optimal,6199,936.11,4697966691,41032213,0.00%
burma14,13,3,maxsat,BM,114831.0,250885.0,No,Optimal,6199,888.23,3355619833,34900727,0.00%
burma14,13,3,mip,MIP,,,Yes,Feasible,6199,3600.00,,,0.00%
burma14,13,3,maxsat,SN,226325.0,344418.0,Yes,Feasible,5677,92.59,9237016616,66170882,9.19%
burma14,13,3,maxsat,SWC,142512.0,563943.0,No,Optimal,6199,71.20*,643727755,5387111,0.00%
burma14,16,3,maxsat,AN,14757.0,131498.0,Yes,Feasible,6784,2999.62,3523814399,86888437,5.57%
burma14,16,3,maxsat,BDD,97243.0,293091.0,Yes,Feasible,6747,211.44,13050096283,87843559,6.15%
burma14,16,3,maxsat,BM,119081.0,259528.0,Yes,Feasible,6626,2306.16,9043187690,76420483,8.09%
burma14,16,3,mip,MIP,,,Yes,Feasible,7083,3600.00,,,1.12%
burma14,16,3,maxsat,SN,231586.0,352455.0,Yes,Feasible,6843,386.60,13152993292,75880317,4.66%
burma14,16,3,maxsat,SWC,149949.0,593286.0,No,Optimal,7162*,79.87,703225346,4511963,0.00%
burma14,19,4,maxsat,AN,21362.0,190140.0,Yes,Feasible,8507,284.75,4571058815,113509521,1563318.36%
burma14,19,4,maxsat,BDD,149151.0,449296.0,Yes,Feasible,8597,2913.52,15999812383,86732726,1546951.30%
burma14,19,4,maxsat,BM,177810.0,385182.0,Yes,Feasible,8758,346.74,10561271555,83160884,1518511.56%
burma14,19,4,mip,MIP,,,Yes,Feasible,9216*,3600.00,,,1443042.36%
burma14,19,4,maxsat,SN,338878.0,515229.0,Yes,Feasible,8602,2041.62,14488776082,82868769,1546052.06%
burma14,19,4,maxsat,SWC,230978.0,914071.0,Yes,Feasible,9213,2435.79,8204250807,30825293,1443512.29%
ulysses22,11,2,maxsat,AN,39959.0,186923.0,No,Optimal,12494,54.00,277563998,4287632,0.00%
ulysses22,11,2,maxsat,BDD,96869.0,297315.0,No,Optimal,12494,131.78,1061415410,10648560,0.00%
ulysses22,11,2,maxsat,BM,114752.0,278266.0,No,Optimal,12494,58.90,474461757,5250734,0.00%
ulysses22,11,2,mip,MIP,,,Yes,Feasible,12466,3600.00,,,0.22%
ulysses22,11,2,maxsat,SN,195120.0,346335.0,No,Optimal,12494,141.23,962835188,8573741,0.00%
ulysses22,11,2,maxsat,SWC,133234.0,504973.0,No,Optimal,12494,27.82*,267616627,2424071,0.00%
ulysses22,16,3,maxsat,AN,34283.0,219938.0,No,Optimal,16079,69.11,313337974,5397076,0.00%
ulysses22,16,3,maxsat,BDD,127841.0,394110.0,No,Optimal,16079,298.90,2036586006,19128678,0.00%
ulysses22,16,3,maxsat,BM,159065.0,370054.0,No,Optimal,16079,77.07,539157984,6442396,0.00%
ulysses22,16,3,mip,MIP,,,Yes,Feasible,16079,3600.00,,,0.00%
ulysses22,16,3,maxsat,SN,295950.0,482788.0,No,Optimal,16079,285.23,1715678718,14422952,0.00%
ulysses22,16,3,maxsat,SWC,188190.0,738530.0,No,Optimal,16079,42.46*,323663805,2811520,0.00%
ulysses22,21,4,maxsat,AN,39579.0,303374.0,No,Optimal,18017,333.10,1010948312,19917724,0.00%
ulysses22,21,4,maxsat,BDD,201740.0,619246.0,No,Optimal,18017,1156.92,6771725352,49470001,0.00%
ulysses22,21,4,maxsat,BM,247826.0,559155.0,No,Optimal,18017,236.36,1545018529,16159768,0.00%
ulysses22,21,4,mip,MIP,,,Yes,Feasible,17885,3600.00,,,0.74%
ulysses22,21,4,maxsat,SN,471466.0,743969.0,No,Optimal,18017,757.34,4134258480,30820223,0.00%
ulysses22,21,4,maxsat,SWC,304495.0,1207057.0,No,Optimal,18017,148.94*,947976332,6600387,0.00%
ulysses22,26,5,maxsat,AN,49676.0,382613.0,Yes,Feasible,22860,3489.08,3945850196,76367643,0.00%
ulysses22,26,5,maxsat,BDD,260935.0,800920.0,Yes,Feasible,22859,3571.56,18283338928,98035661,0.00%
ulysses22,26,5,maxsat,BM,316061.0,711926.0,No,Optimal,22860,378.20*,2469090361,23255419,0.00%
ulysses22,26,5,mip,MIP,,,Yes,Feasible,21600,3600.00,,,5.83%
ulysses22,26,5,maxsat,SN,608921.0,959384.0,No,Optimal,22860,2829.80,12627723143,72489551,0.00%
ulysses22,26,5,maxsat,SWC,394580.0,1564275.0,No,Optimal,22860,413.10,2128374851,9862552,0.00%
ulysses22,31,5,maxsat,AN,50319.0,388819.0,Yes,Feasible,27580,1459.97,6297667363,108787122,1.29%
ulysses22,31,5,maxsat,BDD,269768.0,827989.0,Yes,Feasible,19604,2235.33,18744410092,98114174,42.50%
ulysses22,31,5,maxsat,BM,323221.0,727899.0,No,Optimal,27936,1726.24,6870514391,56124190,0.00%
ulysses22,31,5,mip,MIP,,,Yes,Feasible,26970,3600.00,,,3.58%
ulysses22,31,5,maxsat,SN,620838.0,977743.0,Yes,Feasible,16540,1171.05,15682906982,85423375,68.90%
ulysses22,31,5,maxsat,SWC,411840.0,1632550.0,No,Optimal,27936,804.05*,3994057328,18951205,0.00%
bays29,14,3,maxsat,AN,63825.0,346121.0,Yes,Feasible,35207,378.76,8752256381,87551259,92.84%
bays29,14,3,maxsat,BDD,175929.0,556410.0,Yes,Unsolved,,0.00,15180448560,89987426,
bays29,14,3,maxsat,BM,218724.0,533242.0,Yes,Feasible,36176,1379.74,10537395656,89722589,87.67%
bays29,14,3,mip,MIP,,,Yes,Feasible,61209*,3600.00,,,10.92%
bays29,14,3,maxsat,SN,359475.0,636422.0,Yes,Feasible,36053,2849.97,12565466429,74622318,88.31%
bays29,14,3,maxsat,SWC,251821.0,983006.0,Yes,Feasible,59951,1214.54,9476001132,44469726,13.25%
bays29,21,4,maxsat,AN,55908.0,436995.0,Yes,Feasible,28890,602.12,9434864494,101782869,237.19%
bays29,21,4,maxsat,BDD,276343.0,867562.0,Yes,Unsolved,,0.00,18337470143,100948387,
bays29,21,4,maxsat,BM,348721.0,797746.0,Yes,Unsolved,,0.00,12320176242,106167505,
bays29,21,4,mip,MIP,,,Yes,Feasible,83872*,3600.00,,,16.14%
bays29,21,4,maxsat,SN,625374.0,1011085.0,Yes,Unsolved,,0.00,14762386475,83937153,
bays29,21,4,maxsat,SWC,419815.0,1681533.0,Yes,Feasible,27450,391.80,16305097856,69031135,254.87%
bays29,28,6,maxsat,AN,66242.0,612164.0,Yes,Unsolved,,0.00,11247105521,112878282,
bays29,28,6,maxsat,BDD,400892.0,1262022.0,Yes,Unsolved,,0.00,19904683196,101608558,
bays29,28,6,maxsat,BM,491924.0,1134124.0,Yes,Unsolved,,0.00,13271556923,89346335,
bays29,28,6,mip,MIP,,,Yes,Feasible,118323*,3600.00,,,15.22%
bays29,28,6,maxsat,SN,913014.0,1452150.0,Yes,Unsolved,,0.00,15986186193,95088015,
bays29,28,6,maxsat,SWC,610138.0,2462700.0,Yes,Unsolved,,0.00,19352412382,69135144,
bays29,35,7,maxsat,AN,81992.0,757447.0,Yes,Unsolved,,0.00,12484761113,121469055,
bays29,35,7,maxsat,BDD,527730.0,1653139.0,Yes,Unsolved,,0.00,20780072445,104888805,
bays29,35,7,maxsat,BM,624332.0,1430516.0,Yes,Unsolved,,0.00,14426524035,96266978,
bays29,35,7,mip,MIP,,,Yes,Feasible,141407*,3600.00,,,19.38%
bays29,35,7,maxsat,SN,1179826.0,1867260.0,Yes,Unsolved,,0.00,17240191070,106869367,
bays29,35,7,maxsat,SWC,804910.0,3241923.0,Yes,Unsolved,,0.00,23136462486,66244850,
bays29,42,8,maxsat,AN,95382.0,885091.0,Yes,Unsolved,,0.00,13327114267,127229448,
bays29,42,8,maxsat,BDD,623085.0,1950950.0,Yes,Unsolved,,0.00,21219548785,104928756,
bays29,42,8,maxsat,BM,734725.0,1680354.0,Yes,Unsolved,,0.00,15258747682,103957558,
bays29,42,8,mip,MIP,,,Yes,Feasible,165906*,3600.01,,,19.54%
bays29,42,8,maxsat,SN,1399427.0,2212098.0,Yes,Unsolved,,0.00,17868910228,112019521,
bays29,42,8,maxsat,SWC,955789.0,3847221.0,Yes,Unsolved,,0.00,23997649561,68945038,
P-n16-k8,8,2,maxsat,AN,23369.0,128207.0,Yes,Feasible,26299,12.04,4649109573,102181595,10.36%
P-n16-k8,8,2,maxsat,BDD,80310.0,242596.0,No,Optimal,29024,1655.55,6312787961,50045889,0.00%
P-n16-k8,8,2,maxsat,BM,99289.0,223622.0,No,Optimal,29024,987.26,3372362406,37734139,0.00%
P-n16-k8,8,2,mip,MIP,,,No,Optimal,29024,163.54*,,,0.00%
P-n16-k8,8,2,maxsat,SN,151596.0,252050.0,No,Optimal,29024,2504.99,8130241102,63483776,0.00%
P-n16-k8,8,2,maxsat,SWC,118372.0,456369.0,No,Optimal,29024,327.74,1586725746,8565023,0.00%
P-n16-k8,11,3,maxsat,AN,16762.0,148892.0,Yes,Feasible,34074,95.46,4354122692,111412070,360879.05%
P-n16-k8,11,3,maxsat,BDD,104290.0,315594.0,Yes,Feasible,38129,2555.38,10140279240,71950819,322489.11%
P-n16-k8,11,3,maxsat,BM,131631.0,288400.0,Yes,Feasible,38486*,1017.44,3615397017,29604845,319496.74%
P-n16-k8,11,3,mip,MIP,,,Yes,Feasible,37634,3600.00,,,326732.12%
P-n16-k8,11,3,maxsat,SN,232515.0,355977.0,Yes,Feasible,38267,2203.44,8704802187,61342787,321325.77%
P-n16-k8,11,3,maxsat,SWC,162569.0,644306.0,Yes,Feasible,38267,662.63,3891070743,18303733,321325.77%
P-n16-k8,15,3,maxsat,AN,17280.0,153564.0,Yes,Feasible,48767,1069.67,5669996462,121228391,252119.74%
P-n16-k8,15,3,maxsat,BDD,112576.0,340503.0,Yes,Feasible,48259,3404.66,11970020190,79122725,254774.74%
P-n16-k8,15,3,maxsat,BM,137179.0,301215.0,Yes,Feasible,51601,2896.43,4879689252,43217388,238267.47%
P-n16-k8,15,3,mip,MIP,,,Yes,Feasible,51891*,3600.00,,,236935.32%
P-n16-k8,15,3,maxsat,SN,242073.0,370436.0,Yes,Feasible,48449,3298.28,10155393933,68073606,253775.21%
P-n16-k8,15,3,maxsat,SWC,178487.0,707141.0,Yes,Feasible,51842,1936.45,5335817629,24656889,237159.36%
P-n16-k8,19,4,maxsat,AN,24863.0,222295.0,Yes,Feasible,49285,1613.16,6300841866,100874408,39.79%
P-n16-k8,19,4,maxsat,BDD,176052.0,531945.0,Yes,Feasible,34296,1901.01,17095347826,96588671,100.88%
P-n16-k8,19,4,maxsat,BM,209128.0,454232.0,Yes,Feasible,48365,2803.19,10860341671,84339992,42.45%
P-n16-k8,19,4,mip,MIP,,,Yes,Feasible,63776,3600.00,,,8.03%
P-n16-k8,19,4,maxsat,SN,359137.0,548634.0,Yes,Feasible,18045,162.02,13523835538,87158943,281.80%
P-n16-k8,19,4,maxsat,SWC,278452.0,1103282.0,Yes,Feasible,64295*,1715.05,11418239443,50838345,7.15%
P-n16-k8,22,5,maxsat,AN,31230.0,279878.0,Yes,Feasible,45749,1046.38,8020344542,116596490,73.12%
P-n16-k8,22,5,maxsat,BDD,221841.0,670613.0,Yes,Feasible,14261,99.46,18710130580,101726533,455.37%
P-n16-k8,22,5,maxsat,BM,261582.0,569153.0,Yes,Feasible,14738,30.89,12114054439,91985591,437.40%
P-n16-k8,22,5,mip,MIP,,,Yes,Feasible,73175*,3600.00,,,8.24%
P-n16-k8,22,5,maxsat,SN,458909.0,701032.0,Yes,Feasible,14347,126.58,14520243696,95362661,452.04%
P-n16-k8,22,5,maxsat,SWC,351780.0,1393540.0,Yes,Feasible,54892,1386.36,18835203348,68444164,44.29%
P-n23-k8,11,2,maxsat,AN,42368.0,203961.0,Yes,Feasible,30453,76.43,4452755993,67831348,4.20%
P-n23-k8,11,2,maxsat,BDD,107587.0,330866.0,Yes,Feasible,31522,2058.78,12247747974,76524632,0.67%
P-n23-k8,11,2,maxsat,BM,130237.0,311791.0,Yes,Feasible,31636,3045.07,9016252622,67829553,0.30%
P-n23-k8,11,2,mip,MIP,,,No,Optimal,31732,196.51*,,,0.00%
P-n23-k8,11,2,maxsat,SN,225319.0,394887.0,Yes,Feasible,31351,3288.27,14139653740,73673716,1.22%
P-n23-k8,11,2,maxsat,SWC,153874.0,587029.0,Yes,Feasible,31732,3457.23,8968498630,30806195,0.00%
P-n23-k8,17,3,maxsat,AN,28565.0,230353.0,Yes,Feasible,33829,620.21,6695166877,93874906,69.46%
P-n23-k8,17,3,maxsat,BDD,144772.0,446877.0,Yes,Feasible,19944,2232.34,14600345213,88138669,187.44%
P-n23-k8,17,3,maxsat,BM,182603.0,414412.0,Yes,Feasible,48964,2644.28,10338841320,76575758,17.08%
P-n23-k8,17,3,mip,MIP,,,Yes,Feasible,52038,3600.00,,,10.17%
P-n23-k8,17,3,maxsat,SN,359099.0,565583.0,Yes,Feasible,34969,2618.56,12320441904,67971563,63.94%
P-n23-k8,17,3,maxsat,SWC,228977.0,911108.0,Yes,Feasible,52141*,2744.79,7928673242,41001536,9.95%
P-n23-k8,22,4,maxsat,AN,40780.0,330126.0,Yes,Feasible,28472,156.49,9076729036,108750512,180.05%
P-n23-k8,22,4,maxsat,BDD,224836.0,691485.0,Yes,Feasible,19036,3021.20,17707544919,96534350,318.88%
P-n23-k8,22,4,maxsat,BM,273466.0,614673.0,Yes,Feasible,21984,316.68,11608865421,83856150,262.71%
P-n23-k8,22,4,mip,MIP,,,Yes,Feasible,71318*,3600.00,,,11.81%
P-n23-k8,22,4,maxsat,SN,536121.0,841769.0,Yes,Feasible,3620,143.44,15038097109,85513123,2102.68%
P-n23-k8,22,4,maxsat,SWC,347310.0,1381347.0,Yes,Feasible,63642,1906.15,15399519616,64557691,25.29%
P-n23-k8,28,5,maxsat,AN,51320.0,417543.0,Yes,Feasible,9132,15.73,10592051262,119415330,1054.11%
P-n23-k8,28,5,maxsat,BDD,294433.0,905249.0,Yes,Feasible,1681,56.61,18906927913,100877658,6169.68%
P-n23-k8,28,5,maxsat,BM,350136.0,786491.0,Yes,Feasible,1808,72.75,12437219860,86816221,5729.27%
P-n23-k8,28,5,mip,MIP,,,Yes,Feasible,94858*,3600.00,,,11.11%
P-n23-k8,28,5,maxsat,SN,679792.0,1066723.0,Yes,Feasible,3118,125.02,15806002686,92354641,3280.16%
P-n23-k8,28,5,maxsat,SWC,450899.0,1793183.0,Yes,Feasible,57831,2308.39,20160089068,66855715,82.24%
P-n23-k8,33,6,maxsat,AN,59918.0,489259.0,Yes,Feasible,14707,44.30,11038075064,121512662,737.75%
P-n23-k8,33,6,maxsat,BDD,339174.0,1045041.0,Yes,Feasible,12719,179.58,19549042402,101815291,868.69%
P-n23-k8,33,6,maxsat,BM,402440.0,910687.0,Yes,Feasible,5904,52.06,13187613213,93842967,1986.86%
P-n23-k8,33,6,mip,MIP,,,Yes,Feasible,107020*,3600.00,,,15.13%
P-n23-k8,33,6,maxsat,SN,784686.0,1233473.0,Yes,Feasible,15157,219.90,16371235656,97750145,712.88%
P-n23-k8,33,6,maxsat,SWC,522636.0,2079427.0,Yes,Feasible,18483,1348.78,21580790850,73730107,566.60%
A-n32-k5,16,3,maxsat,AN,64853.0,376256.0,Yes,Feasible,50619,307.46,9289021603,118967125,73.44%
A-n32-k5,16,3,maxsat,BDD,190168.0,610137.0,Yes,Feasible,46606,1058.25,14579895739,99376463,88.37%
A-n32-k5,16,3,maxsat,BM,232203.0,577627.0,Yes,Feasible,82230,3057.98,11304906750,83858851,6.77%
A-n32-k5,16,3,mip,MIP,,,Yes,Feasible,77797,3600.00,,,12.85%
A-n32-k5,16,3,maxsat,SN,402855.0,710508.0,Yes,Feasible,49266,831.60,13347644495,86786458,78.20%
A-n32-k5,16,3,maxsat,SWC,274357.0,1084959.0,No,Optimal,87794*,971.41,5525740342,42518101,0.00%
A-n32-k5,23,5,maxsat,AN,70598.0,595062.0,Yes,Feasible,57795,1457.03,12631977950,121209179,177.84%
A-n32-k5,23,5,maxsat,BDD,364987.0,1161555.0,Yes,Feasible,13133,3085.96,21149186515,98446559,1122.70%
A-n32-k5,23,5,maxsat,BM,457588.0,1067914.0,Yes,Feasible,35517,1459.36,14683722184,95994335,352.11%
A-n32-k5,23,5,mip,MIP,,,Yes,Feasible,124267*,3600.01,,,29.22%
A-n32-k5,23,5,maxsat,SN,837330.0,1360210.0,Yes,Unsolved,,0.00,16204989576,83177135,
A-n32-k5,23,5,maxsat,SWC,564317.0,2280555.0,Yes,Feasible,43098,13.60,19199854983,72740967,272.59%
A-n32-k5,31,6,maxsat,AN,74728.0,696915.0,Yes,Feasible,22099,1532.34,14136452494,131347451,856.46%
A-n32-k5,31,6,maxsat,BDD,434070.0,1383465.0,Yes,Unsolved,,0.00,21771399993,97578006,
A-n32-k5,31,6,maxsat,BM,540288.0,1264119.0,Yes,Feasible,23892,776.86,15701182043,92182886,784.68%
A-n32-k5,31,6,mip,MIP,,,Yes,Feasible,155384*,3600.00,,,36.03%
A-n32-k5,31,6,maxsat,SN,1009530.0,1623145.0,Yes,Unsolved,,0.00,16649578011,85197192,
A-n32-k5,31,6,maxsat,SWC,673010.0,2731711.0,Yes,Feasible,62554,1399.43,21268592881,73528861,237.90%
A-n32-k5,39,7,maxsat,AN,92334.0,860679.0,Yes,Unsolved,,0.00,15061536807,131639311,
A-n32-k5,39,7,maxsat,BDD,576286.0,1824716.0,Yes,Unsolved,,0.00,22720355559,100658386,
A-n32-k5,39,7,maxsat,BM,691776.0,1604739.0,Yes,Unsolved,,0.00,16387705948,95546485,
A-n32-k5,39,7,mip,MIP,,,Yes,Feasible,197602*,3600.01,,,38.37%
A-n32-k5,39,7,maxsat,SN,1292621.0,2067143.0,Yes,Unsolved,,0.00,17949245108,93187945,
A-n32-k5,39,7,maxsat,SWC,901928.0,3649757.0,Yes,Feasible,66854,439.67,22773132413,73004482,308.99%
A-n32-k5,46,9,maxsat,AN,117675.0,1100376.0,Yes,Unsolved,,0.00,16603959346,135269499,
A-n32-k5,46,9,maxsat,BDD,743220.0,2355525.0,Yes,Unsolved,,0.00,24089668116,101438219,
A-n32-k5,46,9,maxsat,BM,877692.0,2049258.0,Yes,Unsolved,,0.00,17710525064,101196899,
A-n32-k5,46,9,mip,MIP,,,Yes,Feasible,217648*,3600.01,,,50.02%
A-n32-k5,46,9,maxsat,SN,1651821.0,2644896.0,Yes,Unsolved,,0.00,18933916701,102728462,
A-n32-k5,46,9,maxsat,SWC,1172481.0,4742835.0,Yes,Unsolved,,0.00,25833208672,67304936,
