instance,|R|,|T|,method,config,variables,clauses,timeout,status,objective,time,gap
burma14,7,2,maxsat,DE+BDD,66750.0,203484.0,No,Optimal,3291,52.74,0.00%
burma14,7,2,maxsat,DE+LCG,744.0,7269.0,No,Optimal,3291,0.20,0.00%
burma14,7,2,maxsat,OE+BDD,66750.0,200850.0,No,Optimal,3291,81.54,0.00%
burma14,7,2,maxsat,OE+LCG,743.0,4635.0,No,Optimal,3291,0.08*,0.00%
burma14,7,2,maxsat,TE+BDD,79044.0,241924.0,No,Optimal,3291,46.81,0.00%
burma14,7,2,maxsat,TE+LCG,13038.0,45709.0,No,Optimal,3291,0.97,0.00%
burma14,7,2,mip,MIP,,,No,Optimal,3291,1.45,0.00%
burma14,10,2,maxsat,DE+BDD,71023.0,216667.0,No,Optimal,4495,179.54,0.00%
burma14,10,2,maxsat,DE+LCG,750.0,7698.0,No,Optimal,4495,0.35,0.00%
burma14,10,2,maxsat,OE+BDD,71023.0,213703.0,No,Optimal,4495,197.10,0.00%
burma14,10,2,maxsat,OE+LCG,749.0,4734.0,No,Optimal,4495,0.19*,0.00%
burma14,10,2,maxsat,TE+BDD,83989.0,257033.0,No,Optimal,4495,228.69,0.00%
burma14,10,2,maxsat,TE+LCG,13716.0,48064.0,No,Optimal,4495,1.13,0.00%
burma14,10,2,mip,MIP,,,No,Optimal,4495,55.51,0.00%
burma14,13,3,maxsat,DE+BDD,92829.0,284643.0,No,Optimal,6199,604.74,0.00%
burma14,13,3,maxsat,DE+LCG,1134.0,12210.0,No,Optimal,6199,2.17,0.00%
burma14,13,3,maxsat,OE+BDD,92829.0,279702.0,No,Optimal,6199,950.75,0.00%
burma14,13,3,maxsat,OE+LCG,1133.0,7269.0,No,Optimal,6199,0.99*,0.00%
burma14,13,3,maxsat,TE+BDD,113286.0,348081.0,No,Optimal,6199,1714.00,0.00%
burma14,13,3,maxsat,TE+LCG,21591.0,75648.0,No,Optimal,6199,4.52,0.00%
burma14,13,3,mip,MIP,,,Yes,Feasible,6199,3225.86,0.00%
burma14,16,3,maxsat,DE+BDD,97243.0,298527.0,Yes,Feasible,6879,1751.98,4.11%
burma14,16,3,maxsat,DE+LCG,1143.0,12858.0,No,Optimal,7162,31.31,0.00%
burma14,16,3,maxsat,OE+BDD,97243.0,293091.0,Yes,Feasible,6747,219.88,6.15%
burma14,16,3,maxsat,OE+LCG,1142.0,7422.0,No,Optimal,7162,9.83*,0.00%
burma14,16,3,maxsat,TE+BDD,118708.0,364854.0,Yes,Feasible,6874,163.89,4.19%
burma14,16,3,maxsat,TE+LCG,22608.0,79185.0,No,Optimal,7162,24.11,0.00%
burma14,16,3,mip,MIP,,,Yes,Feasible,7083,9.20,1.12%
burma14,19,4,maxsat,DE+BDD,149151.0,457204.0,Yes,Feasible,8639,2814.56,6.74%
burma14,19,4,maxsat,DE+BDD+SBC,149151.0,457223.0,Yes,Feasible,8720,1476.13,5.75%
burma14,19,4,maxsat,DE+LCG,1536.0,18046.0,Yes,Feasible,9210,2217.90,0.12%
burma14,19,4,maxsat,DE+LCG+SBC,1536.0,18065.0,Yes,Feasible,9219,977.30,0.02%
burma14,19,4,maxsat,OE+BDD,149151.0,449296.0,Yes,Feasible,8597,2948.65,7.26%
burma14,19,4,maxsat,OE+BDD+SBC,149151.0,449315.0,Yes,Feasible,8492,1782.38,8.58%
burma14,19,4,maxsat,OE+LCG,1535.0,10138.0,Yes,Feasible,9213,1385.98,0.09%
burma14,19,4,maxsat,OE+LCG+SBC,1535.0,10157.0,Yes,Feasible,9186,1336.83,0.38%
burma14,19,4,maxsat,TE+BDD,179115.0,549492.0,Yes,Feasible,8784,1944.52,4.97%
burma14,19,4,maxsat,TE+BDD+SBC,179115.0,549511.0,Yes,Feasible,8666,1902.01,6.40%
burma14,19,4,maxsat,TE+LCG,31500.0,110334.0,Yes,Feasible,9202,2102.06,0.21%
burma14,19,4,maxsat,TE+LCG+SBC,31500.0,110353.0,No,Optimal,9221*,2029.50,0.00%
burma14,19,4,mip,MIP,,,Yes,Feasible,9216,3333.98,0.05%
burma14,19,4,mip,MIP+SBC,,,Yes,Feasible,9158,3299.00,0.69%
ulysses22,11,2,maxsat,DE+BDD,96869.0,309285.0,No,Optimal,12494,135.78,0.00%
ulysses22,11,2,maxsat,DE+LCG,1872.0,26993.0,No,Optimal,12494,1.69,0.00%
ulysses22,11,2,maxsat,OE+BDD,96869.0,297315.0,No,Optimal,12494,129.27,0.00%
ulysses22,11,2,maxsat,OE+LCG,1871.0,15023.0,No,Optimal,12494,0.85*,0.00%
ulysses22,11,2,maxsat,TE+BDD,132683.0,458533.0,No,Optimal,12494,140.43,0.00%
ulysses22,11,2,maxsat,TE+LCG,37686.0,176241.0,No,Optimal,12494,7.95,0.00%
ulysses22,11,2,mip,MIP,,,Yes,Feasible,12466,3440.51,0.22%
ulysses22,16,3,maxsat,DE+BDD,127841.0,414630.0,No,Optimal,16079,301.27,0.00%
ulysses22,16,3,maxsat,DE+LCG,2823.0,43446.0,No,Optimal,16079,11.26,0.00%
ulysses22,16,3,maxsat,OE+BDD,127841.0,394110.0,No,Optimal,16079,295.75,0.00%
ulysses22,16,3,maxsat,OE+LCG,2822.0,22926.0,No,Optimal,16079,10.47*,0.00%
ulysses22,16,3,maxsat,TE+BDD,184802.0,650577.0,No,Optimal,16079,258.20,0.00%
ulysses22,16,3,maxsat,TE+LCG,59784.0,279393.0,No,Optimal,16079,36.95,0.00%
ulysses22,16,3,mip,MIP,,,Yes,Feasible,16079,3446.66,0.00%
ulysses22,21,4,maxsat,DE+BDD,201740.0,650026.0,No,Optimal,18017,1101.72*,0.00%
ulysses22,21,4,maxsat,DE+BDD+SBC,201740.0,650047.0,No,Optimal,18017,1161.14,0.00%
ulysses22,21,4,maxsat,DE+LCG,3784.0,61890.0,No,Optimal,17943,33.25,0.41%
ulysses22,21,4,maxsat,DE+LCG+SBC,3784.0,61911.0,No,Optimal,17943,79.14,0.41%
ulysses22,21,4,maxsat,OE+BDD,201740.0,619246.0,No,Optimal,18017,1141.86,0.00%
ulysses22,21,4,maxsat,OE+BDD+SBC,201740.0,619267.0,No,Optimal,18017,1599.46,0.00%
ulysses22,21,4,maxsat,OE+LCG,3783.0,31110.0,No,Optimal,17943,74.13,0.41%
ulysses22,21,4,maxsat,OE+LCG+SBC,3783.0,31131.0,No,Optimal,17943,90.37,0.41%
ulysses22,21,4,maxsat,TE+BDD,282008.0,980722.0,No,Optimal,18017,1911.95,0.00%
ulysses22,21,4,maxsat,TE+BDD+SBC,282008.0,980743.0,No,Optimal,18017,1239.34,0.00%
ulysses22,21,4,maxsat,TE+LCG,84052.0,392586.0,No,Optimal,17943,184.76,0.41%
ulysses22,21,4,maxsat,TE+LCG+SBC,84052.0,392607.0,No,Optimal,18004,22.95,0.07%
ulysses22,21,4,mip,MIP,,,Yes,Feasible,17885,3516.37,0.74%
ulysses22,21,4,mip,MIP+SBC,,,Yes,Feasible,17885,3218.62,0.74%
ulysses22,26,5,maxsat,DE+BDD,260935.0,843670.0,No,Optimal,22860,3309.56,0.00%
ulysses22,26,5,maxsat,DE+BDD+SBC,260935.0,843722.0,Yes,Feasible,22795,3354.07,0.29%
ulysses22,26,5,maxsat,DE+LCG,4755.0,82340.0,No,Optimal,22651,363.17,0.92%
ulysses22,26,5,maxsat,DE+LCG+SBC,4755.0,82392.0,No,Optimal,22651,417.16,0.92%
ulysses22,26,5,maxsat,OE+BDD,260935.0,800920.0,Yes,Feasible,22851,3425.00,0.04%
ulysses22,26,5,maxsat,OE+BDD+SBC,260935.0,800972.0,Yes,Feasible,21224,3483.02,7.71%
ulysses22,26,5,maxsat,OE+LCG,4754.0,39590.0,No,Optimal,22860,210.93,0.00%
ulysses22,26,5,maxsat,OE+LCG+SBC,4754.0,39642.0,No,Optimal,22651,375.47,0.92%
ulysses22,26,5,maxsat,TE+BDD,366670.0,1277165.0,Yes,Feasible,22840,3501.00,0.09%
ulysses22,26,5,maxsat,TE+BDD+SBC,366670.0,1277217.0,Yes,Feasible,12217,708.53,87.12%
ulysses22,26,5,maxsat,TE+LCG,110490.0,515835.0,No,Optimal,22651,1225.93,0.92%
ulysses22,26,5,maxsat,TE+LCG+SBC,110490.0,515887.0,No,Optimal,22860,208.02*,0.00%
ulysses22,26,5,mip,MIP,,,Yes,Feasible,21600,3250.35,5.83%
ulysses22,26,5,mip,MIP+SBC,,,Yes,Feasible,22534,3353.14,1.45%
ulysses22,31,5,maxsat,DE+BDD,269768.0,875014.0,Yes,Feasible,19221,3462.39,45.21%
ulysses22,31,5,maxsat,DE+BDD+SBC,269768.0,875076.0,Yes,Feasible,11955,3139.21,133.47%
ulysses22,31,5,maxsat,DE+LCG,4780.0,87265.0,No,Optimal,27849,1470.97,0.22%
ulysses22,31,5,maxsat,DE+LCG+SBC,4780.0,87327.0,No,Optimal,27849,1040.31,0.22%
ulysses22,31,5,maxsat,OE+BDD,269768.0,827989.0,Yes,Feasible,19604,2302.75,42.37%
ulysses22,31,5,maxsat,OE+BDD+SBC,269768.0,828051.0,Yes,Feasible,7747,841.41,260.28%
ulysses22,31,5,maxsat,OE+LCG,4779.0,40240.0,Yes,Feasible,27848,3512.53,0.23%
ulysses22,31,5,maxsat,OE+LCG+SBC,4779.0,40302.0,No,Optimal,27849,905.23,0.22%
ulysses22,31,5,maxsat,TE+BDD,380903.0,1328634.0,Yes,Feasible,13770,1571.44,102.69%
ulysses22,31,5,maxsat,TE+BDD+SBC,380903.0,1328696.0,Yes,Feasible,13860,2959.26,101.38%
ulysses22,31,5,maxsat,TE+LCG,115915.0,540885.0,No,Optimal,27911*,55.55,0.00%
ulysses22,31,5,maxsat,TE+LCG+SBC,115915.0,540947.0,No,Optimal,27849,1955.04,0.22%
ulysses22,31,5,mip,MIP,,,Yes,Feasible,26970,3244.23,3.49%
ulysses22,31,5,mip,MIP+SBC,,,Yes,Feasible,27031,3324.44,3.26%
bays29,14,3,maxsat,DE+BDD,175929.0,600018.0,Yes,Feasible,30904,2075.06,119.69%
bays29,14,3,maxsat,DE+LCG,4917.0,92058.0,Yes,Feasible,60131,346.08,12.91%
bays29,14,3,maxsat,OE+BDD,175929.0,556410.0,Yes,Unsolved,,0.00,
bays29,14,3,maxsat,OE+LCG,4916.0,48450.0,Yes,Feasible,60320,848.16,12.55%
bays29,14,3,maxsat,TE+BDD,285117.0,1152090.0,Yes,Unsolved,,0.00,
bays29,14,3,maxsat,TE+LCG,114105.0,644130.0,Yes,Feasible,60130,1078.44,12.91%
bays29,14,3,mip,MIP,,,Yes,Feasible,61209*,3252.40,10.92%
bays29,21,4,maxsat,DE+BDD,276343.0,934806.0,Yes,Unsolved,,0.00,
bays29,21,4,maxsat,DE+BDD+SBC,276343.0,934827.0,Yes,Unsolved,,0.00,
bays29,21,4,maxsat,DE+LCG,6584.0,132782.0,Yes,Feasible,83188,2330.60,17.17%
bays29,21,4,maxsat,DE+LCG+SBC,6584.0,132803.0,Yes,Feasible,83761,335.40,16.37%
bays29,21,4,maxsat,OE+BDD,276343.0,867562.0,Yes,Unsolved,,0.00,
bays29,21,4,maxsat,OE+BDD+SBC,276343.0,867583.0,Yes,Unsolved,,0.00,
bays29,21,4,maxsat,OE+LCG,6583.0,65538.0,Yes,Feasible,84366,2396.88,15.54%
bays29,21,4,maxsat,OE+LCG+SBC,6583.0,65559.0,Yes,Feasible,82624,906.56,17.97%
bays29,21,4,maxsat,TE+BDD,430719.0,1709906.0,Yes,Unsolved,,0.00,
bays29,21,4,maxsat,TE+BDD+SBC,430719.0,1709927.0,Yes,Unsolved,,0.00,
bays29,21,4,maxsat,TE+LCG,160960.0,907882.0,Yes,Feasible,83709,2949.52,16.44%
bays29,21,4,maxsat,TE+LCG+SBC,160960.0,907903.0,Yes,Feasible,83496,3344.90,16.74%
bays29,21,4,mip,MIP,,,Yes,Feasible,83872,3196.76,16.22%
bays29,21,4,mip,MIP+SBC,,,Yes,Feasible,85351*,3561.63,14.20%
bays29,28,6,maxsat,DE+BDD,400892.0,1376538.0,Yes,Unsolved,,0.00,
bays29,28,6,maxsat,DE+BDD+SBC,400892.0,1376622.0,Yes,Unsolved,,0.00,
bays29,28,6,maxsat,DE+LCG,9918.0,214356.0,Yes,Feasible,111227,281.85,22.66%
bays29,28,6,maxsat,DE+LCG+SBC,9918.0,214440.0,Yes,Feasible,112764,355.28,20.99%
bays29,28,6,maxsat,OE+BDD,400892.0,1262022.0,Yes,Unsolved,,0.00,
bays29,28,6,maxsat,OE+BDD+SBC,400892.0,1262106.0,Yes,Unsolved,,0.00,
bays29,28,6,maxsat,OE+LCG,9917.0,99840.0,Yes,Feasible,113148,64.49,20.58%
bays29,28,6,maxsat,OE+LCG+SBC,9917.0,99924.0,Yes,Feasible,111879,152.85,21.94%
bays29,28,6,maxsat,TE+BDD,645644.0,2597694.0,Yes,Unsolved,,0.00,
bays29,28,6,maxsat,TE+BDD+SBC,645644.0,2597778.0,Yes,Unsolved,,0.00,
bays29,28,6,maxsat,TE+LCG,254670.0,1435512.0,Yes,Feasible,113973,713.42,19.70%
bays29,28,6,maxsat,TE+LCG+SBC,254670.0,1435596.0,Yes,Feasible,112904,1003.12,20.84%
bays29,28,6,mip,MIP,,,Yes,Feasible,118323*,3482.37,15.30%
bays29,28,6,mip,MIP+SBC,,,Yes,Feasible,116610,3551.03,17.00%
bays29,35,7,maxsat,DE+BDD,527730.0,1802666.0,Yes,Unsolved,,0.00,
bays29,35,7,maxsat,DE+BDD+SBC,527730.0,1802806.0,Yes,Unsolved,,0.00,
bays29,35,7,maxsat,DE+LCG,11620.0,267771.0,Yes,Feasible,138147,867.50,22.15%
bays29,35,7,maxsat,DE+LCG+SBC,11620.0,267911.0,Yes,Feasible,135339,148.35,24.69%
bays29,35,7,maxsat,OE+BDD,527730.0,1653139.0,Yes,Unsolved,,0.00,
bays29,35,7,maxsat,OE+BDD+SBC,527730.0,1653279.0,Yes,Unsolved,,0.00,
bays29,35,7,maxsat,OE+LCG,11619.0,118244.0,Yes,Feasible,143591*,1844.90,17.52%
bays29,35,7,maxsat,OE+LCG+SBC,11619.0,118384.0,Yes,Feasible,141488,2381.74,19.27%
bays29,35,7,maxsat,TE+BDD,828660.0,3295605.0,Yes,Unsolved,,0.00,
bays29,35,7,maxsat,TE+BDD+SBC,828660.0,3295745.0,Yes,Unsolved,,0.00,
bays29,35,7,maxsat,TE+LCG,312550.0,1760710.0,Yes,Feasible,138569,1250.87,21.78%
bays29,35,7,maxsat,TE+LCG+SBC,312550.0,1760850.0,Yes,Feasible,138490,626.37,21.85%
bays29,35,7,mip,MIP,,,Yes,Feasible,141407,3581.91,19.34%
bays29,35,7,mip,MIP+SBC,,,Yes,Feasible,143548,3498.25,17.56%
bays29,42,8,maxsat,DE+BDD,623085.0,2140038.0,Yes,Unsolved,,0.00,
bays29,42,8,maxsat,DE+BDD+SBC,623085.0,2140248.0,Yes,Unsolved,,0.00,
bays29,42,8,maxsat,DE+LCG,13336.0,326296.0,Yes,Feasible,162734,2473.14,22.02%
bays29,42,8,maxsat,DE+LCG+SBC,13336.0,326506.0,Yes,Feasible,160256,306.55,23.91%
bays29,42,8,maxsat,OE+BDD,623085.0,1950950.0,Yes,Unsolved,,0.00,
bays29,42,8,maxsat,OE+BDD+SBC,623085.0,1951160.0,Yes,Unsolved,,0.00,
bays29,42,8,maxsat,OE+LCG,13335.0,137208.0,Yes,Feasible,165301,162.72,20.13%
bays29,42,8,maxsat,OE+LCG+SBC,13335.0,137418.0,Yes,Feasible,165900,771.27,19.69%
bays29,42,8,maxsat,TE+BDD,984589.0,3924262.0,Yes,Unsolved,,0.00,
bays29,42,8,maxsat,TE+BDD+SBC,984589.0,3924472.0,Yes,Unsolved,,0.00,
bays29,42,8,maxsat,TE+LCG,374840.0,2110520.0,Yes,Feasible,162575,1410.04,22.14%
bays29,42,8,maxsat,TE+LCG+SBC,374840.0,2110730.0,Yes,Feasible,161446,2596.04,23.00%
bays29,42,8,mip,MIP,,,Yes,Feasible,165906*,3562.98,19.69%
bays29,42,8,mip,MIP+SBC,,,Yes,Feasible,164505,3452.13,20.71%
P-n16-k8,8,2,maxsat,DE+BDD,80310.0,246746.0,No,Optimal,29024,1784.44,0.00%
P-n16-k8,8,2,maxsat,DE+LCG,978.0,10730.0,No,Optimal,29024,309.73,0.00%
P-n16-k8,8,2,maxsat,OE+BDD,80310.0,242596.0,No,Optimal,29024,1685.54,0.00%
P-n16-k8,8,2,maxsat,OE+LCG,977.0,6580.0,No,Optimal,29024,175.72,0.00%
P-n16-k8,8,2,maxsat,TE+BDD,97688.0,306206.0,No,Optimal,29024,1038.82,0.00%
P-n16-k8,8,2,maxsat,TE+LCG,18356.0,70190.0,No,Optimal,29024,338.82,0.00%
P-n16-k8,8,2,mip,MIP,,,No,Optimal,29024,148.95*,0.00%
P-n16-k8,11,3,maxsat,DE+BDD,104290.0,322521.0,Yes,Feasible,38129,2910.71,322489.11%
P-n16-k8,11,3,maxsat,DE+LCG,1476.0,16980.0,Yes,Feasible,38129,604.97,322489.11%
P-n16-k8,11,3,maxsat,OE+BDD,104290.0,315594.0,Yes,Feasible,38129,2605.96,322489.11%
P-n16-k8,11,3,maxsat,OE+LCG,1475.0,10053.0,Yes,Feasible,38267,226.08*,321325.77%
P-n16-k8,11,3,maxsat,TE+BDD,131581.0,415509.0,Yes,Feasible,38267,3295.23,321325.77%
P-n16-k8,11,3,maxsat,TE+LCG,28767.0,109968.0,Yes,Feasible,38129,952.30,322489.11%
P-n16-k8,11,3,mip,MIP,,,Yes,Feasible,37634,3215.59,326732.12%
P-n16-k8,15,3,maxsat,DE+BDD,112576.0,348366.0,Yes,Feasible,49168,2033.68,250062.71%
P-n16-k8,15,3,maxsat,DE+LCG,1488.0,18144.0,Yes,Feasible,51842,3100.80,237159.36%
P-n16-k8,15,3,maxsat,OE+BDD,112576.0,340503.0,Yes,Feasible,48259,3484.63,254774.74%
P-n16-k8,15,3,maxsat,OE+LCG,1487.0,10281.0,Yes,Feasible,51375,855.55,239316.06%
P-n16-k8,15,3,maxsat,TE+BDD,141499.0,446418.0,Yes,Feasible,47516,843.13,258760.17%
P-n16-k8,15,3,maxsat,TE+LCG,30411.0,116196.0,Yes,Feasible,51375,2472.19,239316.06%
P-n16-k8,15,3,mip,MIP,,,Yes,Feasible,51891*,3213.90,236935.32%
P-n16-k8,19,4,maxsat,DE+BDD,176052.0,543677.0,Yes,Feasible,45129,1080.83,52.83%
P-n16-k8,19,4,maxsat,DE+BDD+SBC,176052.0,543696.0,Yes,Feasible,1954,62.08,3429.76%
P-n16-k8,19,4,maxsat,DE+LCG,2000.0,25782.0,Yes,Feasible,64631,516.31,6.72%
P-n16-k8,19,4,maxsat,DE+LCG+SBC,2000.0,25801.0,Yes,Feasible,64386,62.88,7.12%
P-n16-k8,19,4,maxsat,OE+BDD,176052.0,531945.0,Yes,Feasible,34296,1960.86,101.11%
P-n16-k8,19,4,maxsat,OE+BDD+SBC,176052.0,531964.0,Yes,Feasible,11831,43.10,482.97%
P-n16-k8,19,4,maxsat,OE+LCG,1999.0,14050.0,Yes,Feasible,65217*,2.54,5.76%
P-n16-k8,19,4,maxsat,OE+LCG+SBC,1999.0,14069.0,Yes,Feasible,64579,63.98,6.80%
P-n16-k8,19,4,maxsat,TE+BDD,216792.0,681165.0,Yes,Feasible,28874,1450.19,138.87%
P-n16-k8,19,4,maxsat,TE+BDD+SBC,216792.0,681184.0,Yes,Unsolved,,0.00,
P-n16-k8,19,4,maxsat,TE+LCG,42740.0,163270.0,Yes,Feasible,63769,396.31,8.16%
P-n16-k8,19,4,maxsat,TE+LCG+SBC,42740.0,163289.0,Yes,Feasible,63948,489.41,7.86%
P-n16-k8,19,4,mip,MIP,,,Yes,Feasible,63776,3224.57,8.15%
P-n16-k8,19,4,mip,MIP+SBC,,,Yes,Feasible,63378,3515.21,8.83%
P-n16-k8,22,5,maxsat,DE+BDD,221841.0,686448.0,Yes,Feasible,12548,11.63,534.05%
P-n16-k8,22,5,maxsat,DE+BDD+SBC,221841.0,686492.0,Yes,Feasible,17964,129.89,342.89%
P-n16-k8,22,5,maxsat,DE+LCG,2515.0,33745.0,Yes,Feasible,74281,217.05,7.11%
P-n16-k8,22,5,maxsat,DE+LCG+SBC,2515.0,33789.0,Yes,Feasible,73974,169.14,7.55%
P-n16-k8,22,5,maxsat,OE+BDD,221841.0,670613.0,Yes,Feasible,14261,102.10,457.89%
P-n16-k8,22,5,maxsat,OE+BDD+SBC,221841.0,670657.0,Yes,Feasible,29685,5.42,168.01%
P-n16-k8,22,5,maxsat,OE+LCG,2514.0,17910.0,Yes,Feasible,74048,184.11,7.44%
P-n16-k8,22,5,maxsat,OE+LCG+SBC,2514.0,17954.0,Yes,Feasible,74281,149.99*,7.11%
P-n16-k8,22,5,maxsat,TE+BDD,274806.0,864638.0,Yes,Feasible,12793,109.19,521.90%
P-n16-k8,22,5,maxsat,TE+BDD+SBC,274806.0,864682.0,Yes,Feasible,19407,266.19,309.96%
P-n16-k8,22,5,maxsat,TE+LCG,55480.0,211935.0,Yes,Feasible,73836,384.64,7.75%
P-n16-k8,22,5,maxsat,TE+LCG+SBC,55480.0,211979.0,Yes,Feasible,74048,341.40,7.44%
P-n16-k8,22,5,mip,MIP,,,Yes,Feasible,73175,3223.28,8.73%
P-n16-k8,22,5,mip,MIP+SBC,,,Yes,Feasible,73340,3341.56,8.48%
P-n23-k8,11,2,maxsat,DE+BDD,107587.0,344534.0,Yes,Feasible,31415,3143.17,1.01%
P-n23-k8,11,2,maxsat,DE+LCG,2048.0,30807.0,Yes,Feasible,31576,2448.96,0.49%
P-n23-k8,11,2,maxsat,OE+BDD,107587.0,330866.0,Yes,Feasible,31522,2163.33,0.67%
P-n23-k8,11,2,maxsat,OE+LCG,2047.0,17139.0,No,Optimal,31732,1742.04,0.00%
P-n23-k8,11,2,maxsat,TE+BDD,149403.0,524726.0,Yes,Feasible,31636,3376.89,0.30%
P-n23-k8,11,2,maxsat,TE+LCG,43864.0,210999.0,Yes,Feasible,31549,2853.86,0.58%
P-n23-k8,11,2,mip,MIP,,,No,Optimal,31732,155.59*,0.00%
P-n23-k8,17,3,maxsat,DE+BDD,144772.0,470799.0,Yes,Feasible,6523,4.99,778.86%
P-n23-k8,17,3,maxsat,DE+LCG,3090.0,50115.0,Yes,Feasible,51005,401.12,12.40%
P-n23-k8,17,3,maxsat,OE+BDD,144772.0,446877.0,Yes,Feasible,19944,2338.94,187.44%
P-n23-k8,17,3,maxsat,OE+LCG,3089.0,26193.0,Yes,Feasible,51137,641.54,12.11%
P-n23-k8,17,3,maxsat,TE+BDD,211636.0,756927.0,Yes,Feasible,31137,3179.03,84.12%
P-n23-k8,17,3,maxsat,TE+LCG,69954.0,336243.0,Yes,Feasible,50941,1639.46,12.54%
P-n23-k8,17,3,mip,MIP,,,Yes,Feasible,52038*,3246.16,10.17%
P-n23-k8,22,4,maxsat,DE+BDD,224836.0,727181.0,Yes,Feasible,11944,3443.06,567.14%
P-n23-k8,22,4,maxsat,DE+BDD+SBC,224836.0,727203.0,Yes,Feasible,9321,764.28,754.87%
P-n23-k8,22,4,maxsat,DE+LCG,4140.0,71184.0,Yes,Feasible,72377,2347.63,10.09%
P-n23-k8,22,4,maxsat,DE+LCG+SBC,4140.0,71206.0,Yes,Feasible,73124,2976.33,8.97%
P-n23-k8,22,4,maxsat,OE+BDD,224836.0,691485.0,Yes,Feasible,19036,3100.66,318.59%
P-n23-k8,22,4,maxsat,OE+BDD+SBC,224836.0,691507.0,Yes,Feasible,8855,69.56,799.86%
P-n23-k8,22,4,maxsat,OE+LCG,4139.0,35488.0,Yes,Feasible,73306,1335.81,8.70%
P-n23-k8,22,4,maxsat,OE+LCG+SBC,4139.0,35510.0,Yes,Feasible,72978,987.58,9.19%
P-n23-k8,22,4,maxsat,TE+BDD,318588.0,1126285.0,Yes,Feasible,9283,503.49,758.37%
P-n23-k8,22,4,maxsat,TE+BDD+SBC,318588.0,1126307.0,Yes,Feasible,13473,781.05,491.43%
P-n23-k8,22,4,maxsat,TE+LCG,97892.0,470288.0,Yes,Feasible,73136,388.51,8.95%
P-n23-k8,22,4,maxsat,TE+LCG+SBC,97892.0,470310.0,Yes,Feasible,72515,314.04,9.88%
P-n23-k8,22,4,mip,MIP,,,Yes,Feasible,71318,3330.53,11.73%
P-n23-k8,22,4,mip,MIP+SBC,,,Yes,Feasible,74347*,3425.71,7.18%
P-n23-k8,28,5,maxsat,DE+BDD,294433.0,955569.0,Yes,Feasible,1922,14.67,5403.77%
P-n23-k8,28,5,maxsat,DE+BDD+SBC,294433.0,955625.0,Yes,Unsolved,,0.00,
P-n23-k8,28,5,maxsat,DE+LCG,5205.0,95545.0,Yes,Feasible,95390*,2413.26,10.89%
P-n23-k8,28,5,maxsat,DE+LCG+SBC,5205.0,95601.0,Yes,Feasible,95082,2600.26,11.25%
P-n23-k8,28,5,maxsat,OE+BDD,294433.0,905249.0,Yes,Feasible,1681,57.08,6192.83%
P-n23-k8,28,5,maxsat,OE+BDD+SBC,294433.0,905305.0,Yes,Feasible,3550,230.26,2879.79%
P-n23-k8,28,5,maxsat,OE+LCG,5204.0,45225.0,Yes,Feasible,94436,515.77,12.01%
P-n23-k8,28,5,maxsat,OE+LCG+SBC,5204.0,45281.0,Yes,Feasible,94231,709.37,12.26%
P-n23-k8,28,5,maxsat,TE+BDD,418523.0,1480849.0,Yes,Feasible,15232,112.67,594.48%
P-n23-k8,28,5,maxsat,TE+BDD+SBC,418523.0,1480905.0,Yes,Unsolved,,0.00,
P-n23-k8,28,5,maxsat,TE+LCG,129295.0,620825.0,Yes,Feasible,94681,2074.26,11.73%
P-n23-k8,28,5,maxsat,TE+LCG+SBC,129295.0,620881.0,Yes,Feasible,94708,969.82,11.69%
P-n23-k8,28,5,mip,MIP,,,Yes,Feasible,94858,3249.45,11.52%
P-n23-k8,28,5,mip,MIP+SBC,,,Yes,Feasible,94475,3343.66,11.97%
P-n23-k8,33,6,maxsat,DE+BDD,339174.0,1111125.0,Yes,Unsolved,,0.00,
P-n23-k8,33,6,maxsat,DE+BDD+SBC,339174.0,1111224.0,Yes,Unsolved,,0.00,
P-n23-k8,33,6,maxsat,DE+LCG,6276.0,121263.0,Yes,Feasible,108407,332.20,14.04%
P-n23-k8,33,6,maxsat,DE+LCG+SBC,6276.0,121362.0,Yes,Feasible,109305*,1484.58,13.10%
P-n23-k8,33,6,maxsat,OE+BDD,339174.0,1045041.0,Yes,Feasible,12719,181.22,871.99%
P-n23-k8,33,6,maxsat,OE+BDD+SBC,339174.0,1045140.0,Yes,Unsolved,,0.00,
P-n23-k8,33,6,maxsat,OE+LCG,6275.0,55179.0,Yes,Feasible,108183,42.36,14.28%
P-n23-k8,33,6,maxsat,OE+LCG+SBC,6275.0,55278.0,Yes,Feasible,108796,182.18,13.63%
P-n23-k8,33,6,maxsat,TE+BDD,494982.0,1767861.0,Yes,Feasible,277,29.84,44530.79%
P-n23-k8,33,6,maxsat,TE+BDD+SBC,494982.0,1767960.0,Yes,Feasible,14630,418.46,745.03%
P-n23-k8,33,6,maxsat,TE+LCG,162084.0,777999.0,Yes,Feasible,108869,193.36,13.56%
P-n23-k8,33,6,maxsat,TE+LCG+SBC,162084.0,778098.0,Yes,Feasible,108370,3343.79,14.08%
P-n23-k8,33,6,mip,MIP,,,Yes,Feasible,107020,3441.31,15.52%
P-n23-k8,33,6,mip,MIP+SBC,,,Yes,Feasible,108793,3536.01,13.64%
A-n32-k5,16,3,maxsat,DE+BDD,190168.0,670596.0,Yes,Feasible,50487,1484.42,73.89%
A-n32-k5,16,3,maxsat,DE+LCG,6003.0,123807.0,No,Optimal,87794,13.96,0.00%
A-n32-k5,16,3,maxsat,OE+BDD,190168.0,610137.0,Yes,Feasible,46606,1059.66,88.37%
A-n32-k5,16,3,maxsat,OE+LCG,6002.0,63348.0,No,Optimal,87794,12.22*,0.00%
A-n32-k5,16,3,maxsat,TE+BDD,324643.0,1399728.0,Yes,Feasible,57014,1429.61,53.99%
A-n32-k5,16,3,maxsat,TE+LCG,140478.0,852939.0,No,Optimal,87794,88.52,0.00%
A-n32-k5,16,3,mip,MIP,,,Yes,Feasible,77797,3226.50,12.85%
A-n32-k5,23,5,maxsat,DE+BDD,364987.0,1276530.0,Yes,Feasible,33538,1064.46,381.03%
A-n32-k5,23,5,maxsat,DE+BDD+SBC,364987.0,1276576.0,Yes,Feasible,45418,2428.79,255.21%
A-n32-k5,23,5,maxsat,DE+LCG,10040.0,221895.0,Yes,Feasible,135105,923.43,19.41%
A-n32-k5,23,5,maxsat,DE+LCG+SBC,10040.0,221941.0,Yes,Feasible,135635,1570.24,18.94%
A-n32-k5,23,5,maxsat,OE+BDD,364987.0,1161555.0,Yes,Feasible,13133,3124.85,1128.42%
A-n32-k5,23,5,maxsat,OE+BDD+SBC,364987.0,1161601.0,Yes,Feasible,24579,1847.74,556.36%
A-n32-k5,23,5,maxsat,OE+LCG,10039.0,106920.0,Yes,Feasible,135310,2421.69,19.23%
A-n32-k5,23,5,maxsat,OE+LCG+SBC,10039.0,106966.0,Yes,Feasible,135425,510.01,19.13%
A-n32-k5,23,5,maxsat,TE+BDD,601572.0,2550900.0,Yes,Feasible,43348,2379.98,272.17%
A-n32-k5,23,5,maxsat,TE+BDD+SBC,601572.0,2550946.0,Yes,Unsolved,,0.00,
A-n32-k5,23,5,maxsat,TE+LCG,246625.0,1496265.0,Yes,Feasible,135592,1093.31,18.98%
A-n32-k5,23,5,maxsat,TE+LCG+SBC,246625.0,1496311.0,Yes,Feasible,136162*,1926.43,18.48%
A-n32-k5,23,5,mip,MIP,,,Yes,Feasible,124267,3576.18,29.82%
A-n32-k5,23,5,mip,MIP+SBC,,,Yes,Feasible,128464,3531.40,25.58%
A-n32-k5,31,6,maxsat,DE+BDD,434070.0,1540923.0,Yes,Unsolved,,0.00,
A-n32-k5,31,6,maxsat,DE+BDD+SBC,434070.0,1541016.0,Yes,Unsolved,,0.00,
A-n32-k5,31,6,maxsat,DE+LCG,12096.0,287583.0,Yes,Feasible,178787,2169.96,17.97%
A-n32-k5,31,6,maxsat,DE+LCG+SBC,12096.0,287676.0,Yes,Feasible,178672,3302.40,18.05%
A-n32-k5,31,6,maxsat,OE+BDD,434070.0,1383465.0,Yes,Unsolved,,0.00,
A-n32-k5,31,6,maxsat,OE+BDD+SBC,434070.0,1383558.0,Yes,Unsolved,,0.00,
A-n32-k5,31,6,maxsat,OE+LCG,12095.0,130125.0,Yes,Feasible,177852,89.13,18.59%
A-n32-k5,31,6,maxsat,OE+LCG+SBC,12095.0,130218.0,Yes,Feasible,178892*,340.55,17.90%
A-n32-k5,31,6,maxsat,TE+BDD,735060.0,3151287.0,Yes,Unsolved,,0.00,
A-n32-k5,31,6,maxsat,TE+BDD+SBC,735060.0,3151380.0,Yes,Unsolved,,0.00,
A-n32-k5,31,6,maxsat,TE+LCG,313086.0,1897947.0,Yes,Feasible,177569,2018.98,18.78%
A-n32-k5,31,6,maxsat,TE+LCG+SBC,313086.0,1898040.0,Yes,Feasible,178806,2467.39,17.96%
A-n32-k5,31,6,mip,MIP,,,Yes,Feasible,155384,3333.54,35.74%
A-n32-k5,31,6,mip,MIP+SBC,,,Yes,Feasible,169837,3568.14,24.19%
A-n32-k5,39,7,maxsat,DE+BDD,576286.0,2031153.0,Yes,Unsolved,,0.00,
A-n32-k5,39,7,maxsat,DE+BDD+SBC,576286.0,2031309.0,Yes,Unsolved,,0.00,
A-n32-k5,39,7,maxsat,DE+LCG,14168.0,360430.0,Yes,Feasible,229969,1539.47,19.04%
A-n32-k5,39,7,maxsat,DE+LCG+SBC,14168.0,360586.0,Yes,Feasible,229513,1270.36,19.28%
A-n32-k5,39,7,maxsat,OE+BDD,576286.0,1824716.0,Yes,Unsolved,,0.00,
A-n32-k5,39,7,maxsat,OE+BDD+SBC,576286.0,1824872.0,Yes,Unsolved,,0.00,
A-n32-k5,39,7,maxsat,OE+LCG,14167.0,153993.0,Yes,Feasible,230481,1049.00,18.78%
A-n32-k5,39,7,maxsat,OE+LCG+SBC,14167.0,154149.0,Yes,Feasible,230489*,1972.29,18.77%
A-n32-k5,39,7,maxsat,TE+BDD,947377.0,4004551.0,Yes,Unsolved,,0.00,
A-n32-k5,39,7,maxsat,TE+BDD+SBC,947377.0,4004707.0,Yes,Unsolved,,0.00,
A-n32-k5,39,7,maxsat,TE+LCG,385259.0,2333828.0,Yes,Feasible,230389,744.37,18.82%
A-n32-k5,39,7,maxsat,TE+LCG+SBC,385259.0,2333984.0,Yes,Feasible,228751,1515.54,19.67%
A-n32-k5,39,7,mip,MIP,,,Yes,Feasible,197602,3578.11,38.54%
A-n32-k5,39,7,mip,MIP+SBC,,,Yes,Feasible,190978,3522.74,43.34%
A-n32-k5,46,9,maxsat,DE+BDD,743220.0,2646522.0,Yes,Unsolved,,0.00,
A-n32-k5,46,9,maxsat,DE+BDD+SBC,743220.0,2646798.0,Yes,Unsolved,,0.00,
A-n32-k5,46,9,maxsat,DE+LCG,18279.0,491733.0,Yes,Feasible,271900,3541.91,20.19%
A-n32-k5,46,9,maxsat,DE+LCG+SBC,18279.0,492009.0,Yes,Feasible,274485*,679.33,19.06%
A-n32-k5,46,9,maxsat,OE+BDD,743220.0,2355525.0,Yes,Unsolved,,0.00,
A-n32-k5,46,9,maxsat,OE+BDD+SBC,743220.0,2355801.0,Yes,Unsolved,,0.00,
A-n32-k5,46,9,maxsat,OE+LCG,18278.0,200736.0,Yes,Feasible,267494,1243.52,22.17%
A-n32-k5,46,9,maxsat,OE+LCG+SBC,18278.0,201012.0,Yes,Feasible,271148,576.50,20.52%
A-n32-k5,46,9,maxsat,TE+BDD,1242765.0,5290218.0,Yes,Unsolved,,0.00,
A-n32-k5,46,9,maxsat,TE+BDD+SBC,1242765.0,5290494.0,Yes,Unsolved,,0.00,
A-n32-k5,46,9,maxsat,TE+LCG,517824.0,3135429.0,Yes,Feasible,272720,1878.58,19.83%
A-n32-k5,46,9,maxsat,TE+LCG+SBC,517824.0,3135705.0,Yes,Feasible,271401,1110.65,20.41%
A-n32-k5,46,9,mip,MIP,,,Yes,Feasible,217648,3539.99,50.15%
A-n32-k5,46,9,mip,MIP+SBC,,,Yes,Feasible,187774,3544.76,74.04%
